mode,label_id,name,support,test_samples,precision_mean,precision_std,recall_mean,recall_std,f1_mean,f1_std,average_precision_mean,average_precision_std
bert,/m/04rlf,Music,497,606,0.846519260132991,0.013944743729449635,0.9973172367538564,0.004646682246999031,0.9156872728665095,0.006547057692331092,0.9479072206592206,0.0026453772729038995
bert,/m/04szw,Musical instrument,80,606,0.4286712511091393,0.017623532558153184,0.5791666666666666,0.026020824993326627,0.49209101603764527,0.002406671106876641,0.5045461161652275,0.0031249692219069408
bert,/m/0342h,Guitar,58,606,0.6134991768794585,0.005385927149930642,0.7931034482758621,0.029862944958084087,0.6915877117427506,0.008155507678475343,0.7128351178872094,0.007522399736922248
bert,/m/0fx80y,Plucked string instrument,48,606,0.53743695848959,0.009939676115647559,0.8472222222222223,0.024056261216234387,0.6576329984135377,0.013519363422986286,0.6195531340256558,0.021923451396208243
bert,/m/015lz1,Singing,40,606,0.2916410035312474,0.0433421675562888,0.5499999999999999,0.17320508075688776,0.36737755764887003,0.019239151284998555,0.3020374330815222,0.012321056026409784
bert,/m/0l14md,Percussion,28,606,0.4159044715447155,0.07970802243483362,0.4523809523809524,0.054554472558998104,0.4263768115942029,0.01813158744699525,0.46012368224731287,0.010142107886690422
bert,/m/085jw,"Wind instrument, woodwind instrument",30,606,0.8412698412698413,0.02306295737323109,0.7666666666666666,0.03333333333333338,0.8021778584392014,0.02814205287262677,0.8785072185850208,0.0022281093152073665
bert,/m/01kcd,Brass instrument,14,606,0.4870327993897788,0.04712421898117001,0.7142857142857143,0.0,0.5782788135729313,0.03387577858981839,0.6585749207419765,0.006562461325175237
bert,/m/09x0r,Speech,18,606,0.3786283891547049,0.1917731363224826,0.20370370370370372,0.06415002990995844,0.24601212907059986,0.03419962875870276,0.27744603650762273,0.02570023299845148
bert,/m/026t6,Drum,18,606,0.31635869565217395,0.0334370776478105,0.46296296296296297,0.03207501495497923,0.3741123085649461,0.015222731146383178,0.4185803260430501,0.016564563682694943
bert,/m/074ft,Song,13,606,0.0,0.0,0.0,0.0,0.0,0.0,0.07699191692911007,0.009352605846053706
bert,/m/02rr_,Effects unit,14,606,0.2814943863724351,0.028577172244349008,0.7857142857142857,0.0,0.4139455782312926,0.030549822978546814,0.484302774502206,0.0014741183642276333
bert,/m/05148p4,Keyboard (musical),15,606,0.6144781144781145,0.1961478147766169,0.3333333333333333,0.0,0.4258241758241758,0.0464692837229497,0.42540271684621916,0.01988028068131802
bert,/m/02sgy,Electric guitar,19,606,0.29425125313283207,0.018785730492173025,0.5087719298245613,0.10956136839295434,0.3714731133214764,0.043390745702779676,0.24071889461836724,0.014945737633665974
bert,/m/042v_gx,Acoustic guitar,16,606,0.3693181818181818,0.11349422929226237,0.625,0.1875,0.43888888888888894,0.02545875386086577,0.5579496389429589,0.026423884527644326
bert,/m/02lkt,Electronic music,23,606,0.25256410256410255,0.053891921940983856,0.21739130434782608,0.11503266569846046,0.22985118473840274,0.08699387282344223,0.22301112377630203,0.005665942911860762
bert,/m/06by7,Rock music,14,606,0.291358024691358,0.011905741680238202,0.5714285714285714,0.14285714285714288,0.38106169296987086,0.024836826408473345,0.3355384382626038,0.045888512217766415
bert,/m/0164x2,Music of Africa,4,606,0.029411764705882356,0.050942670810849335,0.25,0.4330127018922193,0.05263157894736842,0.09116056881941459,0.09938419580021639,0.019187423743777087
bert,/m/064t9,Pop music,7,606,0.025641025641025644,0.04441155916843275,0.047619047619047616,0.08247860988423225,0.03333333333333333,0.05773502691896258,0.04084806762602899,0.005576295943631433
bert,/m/0g12c5,Distortion,16,606,0.37948270851496657,0.02520224694254927,0.7291666666666666,0.09547032697824667,0.4963364045523233,0.012462508379424867,0.380640904223193,0.019066078137739497
bert,/m/0l14_3,Bowed string instrument,8,606,0.33535353535353535,0.06366040911753024,0.3333333333333333,0.07216878364870323,0.3254743192823688,0.02412907389693268,0.26547260942092205,0.006366016667239688
bert,/m/0155w,Blues,9,606,0.20952380952380953,0.008247860988423212,0.3333333333333333,0.0,0.25724637681159424,0.0062755464042350585,0.27242019244347254,0.049121819764064344
bert,/m/01lyv,Country,7,606,0.24691358024691357,0.07709874072096788,0.5238095238095238,0.2182178902359924,0.3217234262125903,0.08880489837016695,0.20560394205864707,0.0066652585284646985
bert,/m/0glt670,Hip hop music,8,606,0.10138248847926268,0.08828223069432266,0.25,0.33071891388307384,0.1299145299145299,0.12823931168212685,0.2074520585047546,0.012745192545271962
bert,/m/02bxd,Didgeridoo,9,606,0.8350168350168351,0.09330913441448493,0.8888888888888888,0.0,0.8592592592592592,0.05132002392796668,0.8901866488917666,0.009646574207743027
bert,/t/dd00036,Angry music,12,606,0.31417624521072796,0.05326437070991183,0.5833333333333334,0.08333333333333331,0.40256807329978067,0.022529755424059043,0.39558729381614305,0.019442689775008272
bert,/m/02v2lh,New-age music,6,606,0.17855477855477855,0.02324933825602179,0.3333333333333333,0.0,0.23194014447884417,0.01994943077628825,0.16067191856291482,0.026338463416053615
bert,/m/02x8m,Funk,11,606,0.21001221001221002,0.10694047027910869,0.12121212121212122,0.052486388108147805,0.1402116402116402,0.027872099875271793,0.17990377028293972,0.04436332140930511
bert,/m/02p0sh1,Traditional music,8,606,0.2216931216931217,0.07857276467251564,0.2916666666666667,0.07216878364870323,0.2501485442661913,0.07684205084003304,0.20028446328970828,0.04899172320934968
bert,/m/05rwpb,Independent music,12,606,0.21298701298701297,0.04668906930809615,0.27777777777777773,0.09622504486493763,0.23754452739959986,0.06133737732102739,0.252855283067599,0.056860240027467326
gnn,/m/04rlf,Music,497,606,0.8441692903378727,0.005464495349770951,0.9805499664654594,0.009508683352620942,0.9072238634161542,0.0010762453398687805,0.918231943319296,0.002305453146982344
gnn,/m/04szw,Musical instrument,80,606,0.34349955799023224,0.07095413055195801,0.47500000000000003,0.07603453162872775,0.39057180327021596,0.02670599689435431,0.35081001151594887,0.007265696350379353
gnn,/m/0342h,Guitar,58,606,0.5175856014047411,0.03836791977863146,0.5459770114942528,0.05542328023559167,0.5287760141093475,0.013447155611743823,0.49281950910336353,0.0055416428917539695
gnn,/m/0fx80y,Plucked string instrument,48,606,0.42421652421652417,0.02417962665836895,0.576388888888889,0.07316426217258848,0.4860756495321826,0.013526938319016687,0.442217425871787,0.008314546712594996
gnn,/m/015lz1,Singing,40,606,0.2474307736226092,0.06034648532153435,0.4916666666666667,0.028867513459481315,0.3248816768086545,0.04907553173774298,0.36670020661177904,0.01792593227882037
gnn,/m/0l14md,Percussion,28,606,0.18253968253968253,0.013746434980705373,0.19047619047619047,0.08247860988423225,0.18189429618001043,0.04069700386533987,0.11242511452422337,0.0032046406647221817
gnn,/m/085jw,"Wind instrument, woodwind instrument",30,606,0.42287301552765744,0.18683975760906427,0.4777777777777778,0.06938886664887108,0.4239605638109018,0.06513437609580436,0.5100345688999556,0.0035992979953142264
gnn,/m/01kcd,Brass instrument,14,606,0.270935960591133,0.025596809964072063,0.4523809523809524,0.04123930494211614,0.3370985603543743,0.009974157474372261,0.3432124569398122,0.024393272334336955
gnn,/m/09x0r,Speech,18,606,0.3975468975468976,0.18418734902772949,0.3333333333333333,0.1469861839480328,0.31455197132616486,0.022016856588168328,0.3378679050653506,0.035264732399312035
gnn,/m/026t6,Drum,18,606,0.06084656084656084,0.0563063403539491,0.11111111111111112,0.14698618394803284,0.07374338624338624,0.0799601533470817,0.08348701524249287,0.009150531233112274
gnn,/m/074ft,Song,13,606,0.09344344344344345,0.013000205447530992,0.23076923076923075,0.13323467750529824,0.12597701149425286,0.04131796218604317,0.1427363585825434,0.0015316457038439405
gnn,/m/02rr_,Effects unit,14,606,0.30799592564298445,0.04388567745177065,0.38095238095238093,0.041239304942116105,0.33768561187916024,0.01768737885244842,0.31809492116856153,0.009065705456956829
gnn,/m/05148p4,Keyboard (musical),15,606,0.2230503795721187,0.1582112922560417,0.17777777777777778,0.0769800358919501,0.17387914230019494,0.054612911802432586,0.2260321091633851,0.005663610465738813
gnn,/m/02sgy,Electric guitar,19,606,0.13748597081930414,0.047148066916487014,0.15789473684210525,0.10526315789473684,0.14346647814304228,0.07540343663430134,0.19564721732144075,0.006544767646626144
gnn,/m/042v_gx,Acoustic guitar,16,606,0.20492424242424243,0.020338475391907265,0.2708333333333333,0.07216878364870323,0.23152011125374408,0.03931947087344329,0.2122359429999283,0.03061261905018067
gnn,/m/02lkt,Electronic music,23,606,0.21666666666666667,0.20207259421636903,0.21739130434782608,0.19924242151981914,0.2069580731489741,0.17931084973062958,0.2474459271211008,0.02956263395593948
gnn,/m/06by7,Rock music,14,606,0.13703703703703704,0.027962349760262035,0.2619047619047619,0.041239304942116126,0.17643939393939392,0.014517610660289336,0.11325474871139517,0.00688673446910759
gnn,/m/0164x2,Music of Africa,4,606,0.027777777777777776,0.048112522432468816,0.16666666666666666,0.2886751345948129,0.047619047619047616,0.08247860988423225,0.0880808350832012,0.007734979532687807
gnn,/m/064t9,Pop music,7,606,0.008333333333333333,0.014433756729740645,0.047619047619047616,0.08247860988423225,0.014184397163120567,0.02456809656126067,0.0314404182136269,0.004990310844734063
gnn,/m/0g12c5,Distortion,16,606,0.36209150326797385,0.034262333129623956,0.3333333333333333,0.07216878364870323,0.3414232825997532,0.029697319042007477,0.3129676481328863,0.0015014722745326243
gnn,/m/0l14_3,Bowed string instrument,8,606,0.08783068783068781,0.027736174438266998,0.20833333333333334,0.07216878364870322,0.11620044970674719,0.02248881176705798,0.05390181513754738,0.007931553438293668
gnn,/m/0155w,Blues,9,606,0.08171964437949092,0.05349966922081596,0.1111111111111111,0.0,0.08814102564102565,0.03272528502670214,0.1480488665325795,0.0013825970902090594
gnn,/m/01lyv,Country,7,606,0.03598484848484849,0.03230818581293936,0.09523809523809523,0.08247860988423225,0.051974012993503245,0.04590089956303862,0.07787517168724703,0.015736094802655917
gnn,/m/0glt670,Hip hop music,8,606,0.16534391534391535,0.0750129464484541,0.5833333333333334,0.19094065395649332,0.23825757575757575,0.05704877450196724,0.19613006448795603,0.018478280735335438
gnn,/m/02bxd,Didgeridoo,9,606,0.5162640901771337,0.25551186960894445,0.5555555555555555,0.1924500897298753,0.4844576719576719,0.07539900094327158,0.57344827472599,0.032725193421588195
gnn,/t/dd00036,Angry music,12,606,0.25555555555555554,0.00962250448649376,0.5277777777777778,0.12729376930432887,0.3422619047619047,0.03508876822187974,0.3565957935730108,0.01626189636046371
gnn,/m/02v2lh,New-age music,6,606,0.17176033842700508,0.051441770100688705,0.5555555555555555,0.0962250448649376,0.25749981013138906,0.052404273196720565,0.382997612811081,0.0370461200102391
gnn,/m/02x8m,Funk,11,606,0.0,0.0,0.0,0.0,0.0,0.0,0.10153563818029505,0.007357923961876663
gnn,/m/02p0sh1,Traditional music,8,606,0.1883838383838384,0.058609800054098375,0.20833333333333334,0.07216878364870322,0.18370200864480038,0.02351138202164496,0.15923323295507608,0.034146078395676
gnn,/m/05rwpb,Independent music,12,606,0.07107921318447634,0.025361526412125315,0.13888888888888887,0.048112522432468816,0.0865993265993266,0.005803760653579864,0.14325385094097157,0.005090310892106885
concat,/m/04rlf,Music,497,606,0.8530319616476955,0.005580052691038889,0.9845741113346747,0.008131693932248253,0.9140700669347303,0.003409935900365385,0.937739528098923,0.004367919434034002
concat,/m/04szw,Musical instrument,80,606,0.3887922285051471,0.050896493851778274,0.4875,0.05728219618694799,0.4282702546645987,0.0074308719017689194,0.41169851589100004,0.016769697339109428
concat,/m/0342h,Guitar,58,606,0.6564191238927315,0.0480113127289254,0.6264367816091955,0.11084656047118338,0.6342918450037094,0.042019375153181666,0.6645041986973966,0.016281846785349448
concat,/m/0fx80y,Plucked string instrument,48,606,0.5447508169934641,0.026888294742495246,0.6597222222222222,0.048112522432468836,0.5954184704184704,0.013697829435543814,0.5924489066921813,0.024716702279208542
concat,/m/015lz1,Singing,40,606,0.36351088525001574,0.05868196831459576,0.5583333333333332,0.07637626158259735,0.43557365716207314,0.03964350888156221,0.4200563840891213,0.019910215874637142
concat,/m/0l14md,Percussion,28,606,0.2888007054673721,0.05301070672937759,0.2738095238095238,0.04123930494211614,0.2773088023088023,0.019937031142998694,0.3012505427801641,0.01503842360972764
concat,/m/085jw,"Wind instrument, woodwind instrument",30,606,0.9091954022988507,0.07067563640079899,0.6888888888888888,0.09622504486493767,0.7778531073446328,0.03092248899388507,0.8546669873361746,0.01745454465020484
concat,/m/01kcd,Brass instrument,14,606,0.7271704903283851,0.13230591476611236,0.7380952380952381,0.041239304942116105,0.7255460588793922,0.052943437283063104,0.7750974599154722,0.028483900218327404
concat,/m/09x0r,Speech,18,606,0.49371980676328503,0.1306707473782938,0.4074074074074074,0.06415002990995841,0.43455460528631257,0.047585245149292306,0.3738440289710985,0.005125795966278353
concat,/m/026t6,Drum,18,606,0.4598484848484849,0.16256488427023882,0.2962962962962963,0.03207501495497919,0.3484108148354972,0.03455258527853012,0.26346818903024144,0.019764965110821226
concat,/m/074ft,Song,13,606,0.2387914230019493,0.22623215987612183,0.10256410256410257,0.04441155916843275,0.11641414141414141,0.022477584658054203,0.16346161223637187,0.005501842784660389
concat,/m/02rr_,Effects unit,14,606,0.3665223665223665,0.038739953127442446,0.4761904761904762,0.14869042853329523,0.41071428571428575,0.07783748113465488,0.3881202685264524,0.011063409106313768
concat,/m/05148p4,Keyboard (musical),15,606,0.5499999999999999,0.18027756377319948,0.3111111111111111,0.10183501544346311,0.3719298245614035,0.04861897003702114,0.44226660934656054,0.011430786333588223
concat,/m/02sgy,Electric guitar,19,606,0.2574767280649634,0.07300423027346276,0.2631578947368421,0.10526315789473684,0.25946678385702776,0.08789773753636947,0.26826678433180956,0.021997821254747457
concat,/m/042v_gx,Acoustic guitar,16,606,0.36792615596963424,0.017659764735111296,0.4583333333333333,0.07216878364870323,0.4058962808962809,0.02896341001685189,0.4139495898533256,0.023686298401273467
concat,/m/02lkt,Electronic music,23,606,0.26395534290271133,0.05383218128145988,0.34782608695652173,0.1567630989332169,0.2830687830687831,0.03934245808470117,0.26347777981045767,0.018479571260538206
concat,/m/06by7,Rock music,14,606,0.12703962703962704,0.11598347102095043,0.21428571428571427,0.1889822365046136,0.15925925925925927,0.14330031201594892,0.20989043473725869,0.019265181703177574
concat,/m/0164x2,Music of Africa,4,606,0.1669172932330827,0.029620624967807846,0.5833333333333334,0.14433756729740646,0.25626869105129974,0.031995102186728706,0.23775400749046507,0.09763821157664987
concat,/m/064t9,Pop music,7,606,0.0,0.0,0.0,0.0,0.0,0.0,0.03542839961641226,0.010224287585644472
concat,/m/0g12c5,Distortion,16,606,0.47826086956521735,0.037653278425410386,0.5,0.125,0.4804639804639805,0.04539514394388596,0.43592891465405587,0.02145366678292125
concat,/m/0l14_3,Bowed string instrument,8,606,0.3232323232323232,0.18202849788828382,0.2916666666666667,0.07216878364870323,0.273015873015873,0.06756760842473891,0.26719643689753525,0.005236681535796268
concat,/m/0155w,Blues,9,606,0.15595238095238095,0.039177339695010326,0.14814814814814814,0.06415002990995841,0.14261904761904762,0.01750121472946386,0.18072511504650537,0.04408393256865145
concat,/m/01lyv,Country,7,606,0.20722610722610724,0.10651507435917597,0.3333333333333333,0.1649572197684645,0.25468409586056645,0.12712432302247667,0.2470300912992344,0.020698747321624775
concat,/m/0glt670,Hip hop music,8,606,0.4444444444444444,0.09622504486493764,0.25,0.125,0.2954248366013072,0.08321983813018041,0.3967619346544535,0.029297776563312384
concat,/m/02bxd,Didgeridoo,9,606,0.9259259259259259,0.06415002990995845,0.8888888888888888,0.0,0.9063180827886711,0.03018824936939222,0.8996006667623618,0.0025898274966270275
concat,/t/dd00036,Angry music,12,606,0.4078787878787879,0.07980002554595447,0.6388888888888888,0.1272937693043289,0.48569157392686807,0.014721986627545421,0.47914244901929465,0.05772586801246631
concat,/m/02v2lh,New-age music,6,606,0.22046374677953626,0.05810576627711707,0.5,0.0,0.3029102167182663,0.05756156513365718,0.45029911646058207,0.03337235003937439
concat,/m/02x8m,Funk,11,606,0.1455026455026455,0.1260714556343265,0.15151515151515152,0.13886593015017695,0.14666666666666667,0.12858201014657272,0.15895020608809218,0.017945291478593153
concat,/m/02p0sh1,Traditional music,8,606,0.3796296296296296,0.2669173204703625,0.3333333333333333,0.26020824993326663,0.25757575757575757,0.09462118179391513,0.24749615293080662,0.03657664206700268
concat,/m/05rwpb,Independent music,12,606,0.44696969696969696,0.4854990900003671,0.13888888888888887,0.09622504486493763,0.13739316239316238,0.014845430506565602,0.20183533323412753,0.012936620005699756
gated,/m/04rlf,Music,497,606,0.8525718736395329,0.013847867196852243,0.9912810194500334,0.00646790795505897,0.9166309259962183,0.00522944812522344,0.9393570512128034,0.0032089013843643243
gated,/m/04szw,Musical instrument,80,606,0.3717347992916175,0.01227762767136039,0.5583333333333332,0.019094065395649326,0.44599518433473656,0.0031944077733338963,0.4408462782298946,0.0072012594367317
gated,/m/0342h,Guitar,58,606,0.6443833943833944,0.03423700269432234,0.6954022988505747,0.019908629972056037,0.6687366733591694,0.025207403414101867,0.6776096912204969,0.009514188699343786
gated,/m/0fx80y,Plucked string instrument,48,606,0.573359886984189,0.011756454812537375,0.6805555555555555,0.043368041655544406,0.6218623435082696,0.017747530085350936,0.5998892621753268,0.027085706844840206
gated,/m/015lz1,Singing,40,606,0.29345238095238096,0.023030407288277505,0.6583333333333333,0.08036375634160797,0.4038011695906433,0.011448404649387076,0.4345854358160111,0.01690290714637867
gated,/m/0l14md,Percussion,28,606,0.34771825396825395,0.0747067285144809,0.2976190476190476,0.07434521426664761,0.3101806239737274,0.030843628226154794,0.31625386106156395,0.014416185816829134
gated,/m/085jw,"Wind instrument, woodwind instrument",30,606,0.8511503928170595,0.031976377678204056,0.6888888888888888,0.05091750772173154,0.7601589443694707,0.025619642626963434,0.8687640213609772,0.011080591265972018
gated,/m/01kcd,Brass instrument,14,606,0.7244588744588745,0.17976148124352292,0.7380952380952381,0.041239304942116105,0.7204481792717088,0.07665659036299234,0.7748897668961798,0.019518648318948045
gated,/m/09x0r,Speech,18,606,0.4157509157509158,0.05336557613308962,0.25925925925925924,0.0848625128695526,0.31319892473118277,0.07355087774032228,0.31653343970988096,0.05318235002209932
gated,/m/026t6,Drum,18,606,0.39454545454545453,0.09389637333582078,0.2962962962962963,0.12830005981991682,0.3185491333045463,0.04902552536879348,0.27694705607101616,0.014423234087066195
gated,/m/074ft,Song,13,606,0.17378917378917377,0.13922269769653123,0.15384615384615385,0.07692307692307693,0.15956086923828858,0.10140916057625908,0.1691679628157778,0.00886035451703106
gated,/m/02rr_,Effects unit,14,606,0.4192865105908585,0.017698386565718358,0.7380952380952381,0.041239304942116105,0.5344536844536845,0.01932267914909802,0.3774329485250092,0.0069595121324592625
gated,/m/05148p4,Keyboard (musical),15,606,0.48425925925925933,0.27772684718278595,0.3333333333333333,0.06666666666666668,0.36337569240795053,0.05265736248054951,0.4446469169120584,0.021167757247573585
gated,/m/02sgy,Electric guitar,19,606,0.2248931623931624,0.09540753820001228,0.2456140350877193,0.19925994195790434,0.22924430641821947,0.14225503796725195,0.26149894019704795,0.010114317275836096
gated,/m/042v_gx,Acoustic guitar,16,606,0.35812865497076024,0.05490004160822835,0.4791666666666667,0.036084391824351615,0.4085883793200866,0.04246587633370911,0.4835213905625751,0.03514832548947576
gated,/m/02lkt,Electronic music,23,606,0.2499157681940701,0.033721664624470994,0.34782608695652173,0.1992424215198191,0.27095564463985516,0.064528937610748,0.21733623218051132,0.02114858289250597
gated,/m/06by7,Rock music,14,606,0.315018315018315,0.16041070541866306,0.16666666666666666,0.08247860988423225,0.18716931216931218,0.0539862442781548,0.2287985419308087,0.031188327445682836
gated,/m/0164x2,Music of Africa,4,606,0.09444444444444444,0.1004618962223618,0.3333333333333333,0.3818813079129867,0.1469298245614035,0.15903281367820957,0.20549872668118221,0.05589717398060136
gated,/m/064t9,Pop music,7,606,0.0,0.0,0.0,0.0,0.0,0.0,0.0315576256499907,0.0050941977571494455
gated,/m/0g12c5,Distortion,16,606,0.4141215106732348,0.01428854510200792,0.5,0.21650635094610965,0.4401433691756272,0.0809623392315154,0.4301683437133416,0.02493794481404266
gated,/m/0l14_3,Bowed string instrument,8,606,0.12397660818713448,0.037064214918107186,0.25,0.0,0.163668430335097,0.03157508353091306,0.31661368511894433,0.03180871886684917
gated,/m/0155w,Blues,9,606,0.14317460317460315,0.023334952972618478,0.25925925925925924,0.12830005981991682,0.17456427015250545,0.048639137121574895,0.2063635689945729,0.02370406612918084
gated,/m/01lyv,Country,7,606,0.14303066834712405,0.07585400625044231,0.6190476190476191,0.16495721976846453,0.21733111849390918,0.08931693548752472,0.2871611996013744,0.10600196306318174
gated,/m/0glt670,Hip hop music,8,606,0.30357142857142855,0.0643848442047141,0.25,0.125,0.26944444444444443,0.10419444074172807,0.30845551185339043,0.05505072077902109
gated,/m/02bxd,Didgeridoo,9,606,0.8888888888888888,0.0,0.8888888888888888,0.0,0.8888888888888888,0.0,0.9040164534366996,0.016800066925959957
gated,/t/dd00036,Angry music,12,606,0.39710144927536234,0.10012594463429493,0.5555555555555556,0.1734721666221777,0.4479437229437229,0.06987714001106786,0.3852196510445421,0.05064261789986682
gated,/m/02v2lh,New-age music,6,606,0.19597069597069594,0.04673022279184277,0.5,0.0,0.2793372319688109,0.05008912180873992,0.478056306406847,0.06373642829287314
gated,/m/02x8m,Funk,11,606,0.19444444444444442,0.1734721666221777,0.06060606060606061,0.052486388108147805,0.09206349206349207,0.07987140079624841,0.15143764584641325,0.04075623097962929
gated,/m/02p0sh1,Traditional music,8,606,0.18333333333333335,0.16072751268321592,0.2916666666666667,0.26020824993326663,0.2222222222222222,0.19245008972987526,0.24944162791329028,0.06153209650441513
gated,/m/05rwpb,Independent music,12,606,0.10822510822510822,0.09572876358223369,0.2222222222222222,0.2545875386086578,0.14017094017094017,0.1338582697466796,0.2017165062678885,0.0374179765071547
cross_attention,/m/04rlf,Music,497,606,0.8634942765830118,0.0030546059611368205,0.9758551307847082,0.009220474235323621,0.9162349078149395,0.005478940697646707,0.9381489622236358,0.003490079181762464
cross_attention,/m/04szw,Musical instrument,80,606,0.3617683802278533,0.03175790947232064,0.5208333333333334,0.019094065395649326,0.425904876035728,0.015320645941822548,0.41971316853704793,0.023237167417862314
cross_attention,/m/0342h,Guitar,58,606,0.5954533225719666,0.03347348365678924,0.6551724137931035,0.029862944958084087,0.6231292381860564,0.018859470753113727,0.626750208290387,0.005899889398230611
cross_attention,/m/0fx80y,Plucked string instrument,48,606,0.5344424094424095,0.03675901100191701,0.6319444444444445,0.024056261216234453,0.5782374682374681,0.018859514866601073,0.57097724531835,0.012856813459524894
cross_attention,/m/015lz1,Singing,40,606,0.32492759500261587,0.01376373968572382,0.525,0.06614378277661476,0.40044355312724256,0.022622980214120007,0.40104326566106935,0.036823294296491976
cross_attention,/m/0l14md,Percussion,28,606,0.33455938697318005,0.024850280531750854,0.2976190476190476,0.04123930494211614,0.3137088003026434,0.027014340773460394,0.28316399328022696,0.020974778125753945
cross_attention,/m/085jw,"Wind instrument, woodwind instrument",30,606,0.8228869895536562,0.020461976663262337,0.7222222222222222,0.01924500897298752,0.7692147034252298,0.0180112871030496,0.8406617770506148,0.02171491688406995
cross_attention,/m/01kcd,Brass instrument,14,606,0.6045751633986929,0.06997663848602323,0.7380952380952381,0.08247860988423221,0.6603686635944701,0.04329590574338449,0.7382612624260544,0.008960229715194641
cross_attention,/m/09x0r,Speech,18,606,0.4150326797385621,0.08338137792269984,0.27777777777777773,0.1469861839480328,0.32222222222222224,0.1347150628109127,0.3482896104061252,0.030205073494422682
cross_attention,/m/026t6,Drum,18,606,0.3884432560903149,0.0838551789227289,0.2777777777777778,0.0,0.32129173508483855,0.031342393655654985,0.2810353718139815,0.018117228723079706
cross_attention,/m/074ft,Song,13,606,0.12902711323763957,0.04579408148617974,0.12820512820512822,0.04441155916843276,0.12620772946859904,0.03986879430010643,0.15487187652003975,0.00281185542990269
cross_attention,/m/02rr_,Effects unit,14,606,0.3330409356725146,0.01710713739919307,0.4285714285714286,0.07142857142857142,0.3734095519085377,0.03452217989009546,0.35704650714372715,0.04736251229878602
cross_attention,/m/05148p4,Keyboard (musical),15,606,0.32859477124183006,0.06185088396074561,0.4000000000000001,0.06666666666666668,0.35715811965811967,0.0437782656570631,0.42777126546921096,0.03209901524486224
cross_attention,/m/02sgy,Electric guitar,19,606,0.24667874396135267,0.07394507984794126,0.22807017543859645,0.10956136839295434,0.2334869431643625,0.09046041084077085,0.2550114598063618,0.012817956011368297
cross_attention,/m/042v_gx,Acoustic guitar,16,606,0.355982905982906,0.026159292209919496,0.375,0.0625,0.36221921718879124,0.023450183969108012,0.3322023972036732,0.060071411359035806
cross_attention,/m/02lkt,Electronic music,23,606,0.3643162393162393,0.027259296628574962,0.21739130434782608,0.043478260869565216,0.27134717134717135,0.039950505660306855,0.2364380266028537,0.011709801294268737
cross_attention,/m/06by7,Rock music,14,606,0.1974481658692185,0.01452319290313519,0.3095238095238095,0.04123930494211614,0.24035224035224034,0.01718794097180736,0.1940691967593975,0.017922230016891992
cross_attention,/m/0164x2,Music of Africa,4,606,0.03333333333333333,0.05773502691896259,0.08333333333333333,0.14433756729740646,0.047619047619047616,0.08247860988423225,0.22140156530320768,0.12216716986443057
cross_attention,/m/064t9,Pop music,7,606,0.0,0.0,0.0,0.0,0.0,0.0,0.03920779803101483,0.005980293957586608
cross_attention,/m/0g12c5,Distortion,16,606,0.3853174603174603,0.013059113231670123,0.4166666666666667,0.07216878364870323,0.3981764022086603,0.03027688378105348,0.36931089380254906,0.006949186210902864
cross_attention,/m/0l14_3,Bowed string instrument,8,606,0.20952380952380953,0.07190318509781665,0.25,0.0,0.22356902356902356,0.042440272745020144,0.2472128572361869,0.023085418676598128
cross_attention,/m/0155w,Blues,9,606,0.09536541889483065,0.03896166309161211,0.1851851851851852,0.12830005981991682,0.12349048800661704,0.06175935567482499,0.17880516286961148,0.0497542809049524
cross_attention,/m/01lyv,Country,7,606,0.25132275132275134,0.21594497711261923,0.3333333333333333,0.21821789023599236,0.23906926406926407,0.11966403772646737,0.2668502213551425,0.03498012249453615
cross_attention,/m/0glt670,Hip hop music,8,606,0.4640692640692641,0.12211475911016599,0.4166666666666667,0.07216878364870323,0.42753036437246966,0.03127645006611817,0.3722180482410224,0.06447992401461138
cross_attention,/m/02bxd,Didgeridoo,9,606,0.8303872053872053,0.08956936979937874,0.8518518518518517,0.06415002990995838,0.8374727668845315,0.04605563489925508,0.8891846130652103,0.016597787807741845
cross_attention,/t/dd00036,Angry music,12,606,0.4818884818884819,0.06589259914941059,0.3888888888888889,0.1272937693043289,0.42399331662489553,0.09372663355878712,0.45151921523163124,0.07691104718349613
cross_attention,/m/02v2lh,New-age music,6,606,0.2644230769230769,0.09817585508010643,0.5,0.0,0.33902939166097057,0.08047931764353675,0.4748653945027586,0.05765913893130057
cross_attention,/m/02x8m,Funk,11,606,0.26111111111111107,0.06735753140545633,0.30303030303030304,0.1049727762162956,0.2781995245763362,0.08022074133667678,0.2317799597354815,0.07945069601130134
cross_attention,/m/02p0sh1,Traditional music,8,606,0.22222222222222224,0.06938886664887109,0.3333333333333333,0.07216878364870323,0.2647342995169082,0.0667506297561966,0.26745827372325565,0.06580980005149699
cross_attention,/m/05rwpb,Independent music,12,606,0.09971509971509972,0.01973847074152566,0.1111111111111111,0.048112522432468816,0.0985797827903091,0.005787972623454894,0.16703294029254298,0.02931536167583838
