mode,seed,synthetic,validation_macro_f1,validation_micro_f1,validation_map,threshold,best_epoch,epochs_run,training_seconds,parameter_count,test_macro_f1,test_micro_f1,test_map,test_seconds,test_predictions,test_metrics,test_predictions_sha256
bert,42,False,0.46028710148437546,0.6941789748045178,0.455236806233126,0.15,8,13,3.932772700005444,51166,0.3859314572927616,0.6641697877652933,0.38799011936378947,0.007537099998444319,seed42/bert_test_predictions.npz,seed42/bert_test_metrics.json,7087978edc1fc4a4374828f1b67098501c869218f81e15ed1c212d24e715d695
gnn,42,False,0.2970987816669856,0.5584669534610872,0.2624910000863439,0.1,6,11,2.7889136000012518,18398,0.2460077695984677,0.5482506728181469,0.263962051733921,0.0053622999985236675,seed42/gnn_test_predictions.npz,seed42/gnn_test_metrics.json,cc298532e985a7c665184f9b46b341191a06cf71d3310a80e3d4bb1202038d68
concat,42,False,0.4308805825124398,0.6687754179846362,0.4174508157483422,0.15,8,13,4.014677999999549,69534,0.387647885336059,0.6530249110320284,0.39507133965123403,0.009006199994473718,seed42/concat_test_predictions.npz,seed42/concat_test_metrics.json,6d3bdedf76b95012c2a81e768d2a20ed64047fee1d0bb2345edf02dcff83dbe7
gated,42,False,0.4299019179908107,0.6560536237955593,0.4382930797799969,0.15,4,9,3.0672303999963333,75870,0.37197309809215484,0.634584013050571,0.40121840321142127,0.008141600003000349,seed42/gated_test_predictions.npz,seed42/gated_test_metrics.json,06c9af6f7b52b5ee6f31033c5cb7c775da853ff95aec0e5195466f683be7c0e7
cross_attention,42,False,0.41723762756733895,0.6439361242986621,0.40005786714960756,0.15,10,15,23.836621900001774,84254,0.37687847063081387,0.6382978723404256,0.3916543812845844,0.09307609999814304,seed42/cross_attention_test_predictions.npz,seed42/cross_attention_test_metrics.json,378b8f73bb99275597f622e91df3318f46d7849da60a46db08df67f00121ba2c
bert,43,False,0.4592423121905645,0.6756535947712419,0.45426920815128524,0.15,7,12,3.7098755999977584,51166,0.37883893578385014,0.6444179578863727,0.3840635169689906,0.006775200003175996,seed43/bert_test_predictions.npz,seed43/bert_test_metrics.json,fe99efc268465d1eb2e25cd1a106a8b1297d84aec43dd423575f38734a76ac5c
gnn,43,False,0.29154537385651164,0.6102803738317757,0.2634592481760006,0.25,7,12,3.3894865999973263,18398,0.24809552685062536,0.6034243405830634,0.2711054242247284,0.03450200000224868,seed43/gnn_test_predictions.npz,seed43/gnn_test_metrics.json,a3b530ec5958551cd5dd35c68b105b0c87b6de2be22722450757d989e79fef9d
concat,43,False,0.41984197540350443,0.6666666666666666,0.4284369953167061,0.15,4,9,3.58815930000128,69534,0.3940499526362198,0.6553524804177546,0.40165412233629694,0.01911380000092322,seed43/concat_test_predictions.npz,seed43/concat_test_metrics.json,0807f1af90a459f3373cce8157854ab8306127ab9a5bfa010a4cc7bd0d944e7a
gated,43,False,0.4390449242262232,0.6686825053995681,0.42335018570786903,0.15,6,11,4.090429600000789,75870,0.3694033554750703,0.6419856962557846,0.409465637267841,0.010943900000711437,seed43/gated_test_predictions.npz,seed43/gated_test_metrics.json,629ef29d77ce0630a72e3632432e978e63e50bc103616ad442eec6625b9715bb
cross_attention,43,False,0.42885497911938714,0.6663728514764213,0.40235383041226763,0.15,6,11,14.780567900001188,84254,0.3662188551846033,0.6493848857644992,0.3834057122813076,0.11041999999724794,seed43/cross_attention_test_predictions.npz,seed43/cross_attention_test_metrics.json,3c0cd9ad98b4b6790ec8a9bd938a8ae957881068cc27b518bbaf72b6fe6a642f
bert,44,False,0.46671509870214056,0.6965811965811965,0.4565695716660167,0.15,11,16,4.45151690000057,51166,0.39030073391286085,0.6606631191158412,0.3954801694482092,0.00968299999658484,seed44/bert_test_predictions.npz,seed44/bert_test_metrics.json,24b9eefab341d131847938d5408a5dc22740de4e41a3125064711fcf1d850549
gnn,44,False,0.30146861768405014,0.5422455876830642,0.26833740056795724,0.1,7,12,2.859945199998037,18398,0.267599115629509,0.5380635624538064,0.2688087845037339,0.006135499999800231,seed44/gnn_test_predictions.npz,seed44/gnn_test_metrics.json,1c91684ce67b11f6b78ce74c729abd10523242032de7a90a1aa68ea1ef77fc31
concat,44,False,0.41776948850262347,0.6781002638522428,0.4314863403975424,0.15,3,8,2.8986545000007027,69534,0.37001006465680786,0.6597222222222222,0.4015102024622627,0.008477799994579982,seed44/concat_test_predictions.npz,seed44/concat_test_metrics.json,253616ea0cb59bf76dedf4d2432c0f094457018a0e59643dffe1ca9f89180564
gated,44,False,0.43702151756384455,0.6864888500218627,0.44065300894227677,0.15,3,8,2.79088739999861,75870,0.37018534108358825,0.6632079550367488,0.3876945244613793,0.018161799998779316,seed44/gated_test_predictions.npz,seed44/gated_test_metrics.json,2f1237683d0cfd506c977df08895a192dfad2d8636e8f228718eee247076081b
cross_attention,44,False,0.4236436338509507,0.6700367647058824,0.4016532864344351,0.2,11,16,23.054234400005956,84254,0.3565427554863522,0.6482389656709764,0.3831701602243453,0.22108929999376414,seed44/cross_attention_test_predictions.npz,seed44/cross_attention_test_metrics.json,e35cd101527f0f4e2ea836ce53a33991ac6626286b00dc27a780547149463eee
