experiment,model,graph_variant,seed,synthetic,dataset_fingerprint,validation_macro_f1,validation_micro_f1,validation_map,threshold,parameter_count,training_seconds,best_epoch,device,test_macro_f1,test_micro_f1,test_map,test_seconds
mlp,mlp,temporal,42,False,1c37c2d2d5a476613291707596b271070abf555d592fa4f208b5949cd1f6f8fb,0.28553119975783753,0.591715976331361,0.2618220283975352,0.15,83614,119.31128919997718,17,cpu,0.2719354187216075,0.5960717335610589,0.2740173349695025,1.4620963000052143
cnn,cnn,temporal,42,False,1c37c2d2d5a476613291707596b271070abf555d592fa4f208b5949cd1f6f8fb,0.24141679401044341,0.4306627628426936,0.26721783800936927,0.05,25470,2175.554573500005,30,cpu,0.21998918028242304,0.42397509081473794,0.23958424813059626,6.269595399993705
gnn_temporal,gnn,temporal,42,False,1c37c2d2d5a476613291707596b271070abf555d592fa4f208b5949cd1f6f8fb,0.2850849006268349,0.5595975232198143,0.27156504754188643,0.15,120862,147.02294009999605,17,cpu,0.2530196924238447,0.5534204458109147,0.27605188804202274,1.605937400017865
gnn_similarity,gnn,temporal_similarity,42,False,1c37c2d2d5a476613291707596b271070abf555d592fa4f208b5949cd1f6f8fb,0.2793218520183023,0.5599387207966297,0.2580516017391511,0.15,120862,135.956806400005,15,cpu,0.2705763570871837,0.5633696878525761,0.2709392454389454,2.0128746000118554
gnn_random,gnn,random,42,False,1c37c2d2d5a476613291707596b271070abf555d592fa4f208b5949cd1f6f8fb,0.2790942212843039,0.5585862466384941,0.25639054336758477,0.15,120862,123.4957361999841,15,cpu,0.2605020992892646,0.5630252100840336,0.26206396527190184,1.141944600007264
mlp,mlp,temporal,43,False,1c37c2d2d5a476613291707596b271070abf555d592fa4f208b5949cd1f6f8fb,0.283008179444766,0.5318297562750091,0.2561991716831141,0.1,83614,153.65657869999995,21,cpu,0.25771667262194803,0.526654740608229,0.28373584137705493,1.0824013999954332
cnn,cnn,temporal,43,False,1c37c2d2d5a476613291707596b271070abf555d592fa4f208b5949cd1f6f8fb,0.23029773622381913,0.3656797060730495,0.26012637913688413,0.05,25470,2385.205848100013,28,cpu,0.21202791336028398,0.36017944883571884,0.22954736206877693,6.252846299990779
gnn_temporal,gnn,temporal,43,False,1c37c2d2d5a476613291707596b271070abf555d592fa4f208b5949cd1f6f8fb,0.27950097073390645,0.5664882667764513,0.24812426764267975,0.15,120862,219.87554660000023,27,cpu,0.2757614840266831,0.5705050505050505,0.2757158943171657,1.0549075999879278
gnn_similarity,gnn,temporal_similarity,43,False,1c37c2d2d5a476613291707596b271070abf555d592fa4f208b5949cd1f6f8fb,0.2702042499952058,0.5621230398069964,0.24147361846201873,0.15,120862,85.73103490000358,10,cpu,0.2476264814196441,0.5503303536727555,0.2622517016372721,1.054775199998403
gnn_random,gnn,random,43,False,1c37c2d2d5a476613291707596b271070abf555d592fa4f208b5949cd1f6f8fb,0.2692588979910627,0.5486862442040186,0.2608322406600422,0.2,120862,97.36748429998988,11,cpu,0.23264258265980103,0.540478905359179,0.242437819436928,1.2065170999849215
mlp,mlp,temporal,44,False,1c37c2d2d5a476613291707596b271070abf555d592fa4f208b5949cd1f6f8fb,0.271158060317288,0.5500770416024653,0.26570653191572774,0.1,83614,76.40293219999876,11,cpu,0.2534606466873688,0.5557684936757379,0.2664963384068553,1.0551618000026792
cnn,cnn,temporal,44,False,1c37c2d2d5a476613291707596b271070abf555d592fa4f208b5949cd1f6f8fb,0.25335134657468905,0.37452683144065907,0.2728578639052819,0.05,25470,2248.8990039000055,28,cpu,0.2325734249630363,0.36196581196581196,0.22696925021317843,6.248204800009262
gnn_temporal,gnn,temporal,44,False,1c37c2d2d5a476613291707596b271070abf555d592fa4f208b5949cd1f6f8fb,0.28056431566050516,0.5977220956719818,0.25747632454346286,0.2,120862,164.55610770001658,20,cpu,0.26549371584054093,0.5946666666666667,0.27683610113989,1.1789158000028692
gnn_similarity,gnn,temporal_similarity,44,False,1c37c2d2d5a476613291707596b271070abf555d592fa4f208b5949cd1f6f8fb,0.2832010656964353,0.5995680345572354,0.2586245380099381,0.2,120862,118.2486466000264,12,cpu,0.24383864087762994,0.5815542271562767,0.2587118531998064,1.3685603000049014
gnn_random,gnn,random,44,False,1c37c2d2d5a476613291707596b271070abf555d592fa4f208b5949cd1f6f8fb,0.27156214045781607,0.55,0.24921657739960287,0.15,120862,72.92533239998738,8,cpu,0.2494482107134063,0.5458029896512073,0.26344042903646614,1.08649330001208
